YEAR,TYPE,GAMES OFFICIATED,HTW%,HTPD,TPPG,CFPG,FAR%,FAH%
2020,CREW,54,0.574,3.704,217.37,39.333,50.189,49.812
2020,CREW,55,0.618,2.745,221.618,42.545,50.855,49.146
2020,CREW,55,0.564,2.036,224.582,43.273,50.126,49.874
2020,CREW,56,0.464,0.571,226.393,40.768,51.905,48.094
2020,CREW,54,0.5,-0.278,229.87,44.185,50.797,49.204
2020,MAIN,51,0.667,3.941,228.098,41.686,50.659,49.342
2020,CREW,53,0.585,4.302,221.472,41.34,50.433,49.566
2020,CREW,52,0.519,1.212,221.481,41.365,48.768,51.232
2020,MAIN,54,0.667,4.185,224.296,39.704,52.518,47.481
2020,MAIN,51,0.588,4.941,225.255,41.569,50.471,49.528
2020,CREW,53,0.566,1.679,225.34,43.358,51.219,48.782
2020,CREW,52,0.558,0.731,219.192,42.904,51.053,48.946
2020,MAIN,51,0.49,3.667,225.235,42.608,50.575,49.425
2020,CREW,49,0.571,3.816,222.388,41.694,49.975,50.024
2020,MAIN,46,0.565,3.63,225.065,41.739,49.688,50.313
2020,CREW,48,0.583,1.375,219.875,42.146,51.013,48.986
2020,CREW,49,0.571,4.122,230.939,42.449,50.673,49.327
2020,CREW,49,0.531,2.224,229.531,43.245,48.796,51.203
2020,CREW,48,0.583,2.396,224.521,40.625,52.308,47.692
2020,CREW,48,0.5,1.063,222.563,39.938,49.973,50.025
2020,CREW,47,0.553,-0.511,221.787,41.596,49.616,50.383
2020,CREW,41,0.634,6.268,222.122,41.024,51.784,48.217
2020,CREW,46,0.63,3.239,221.196,40.065,50.57,49.431
2020,MAIN,42,0.571,0.095,219.143,39.571,48.015,51.986
2020,CREW,46,0.587,3.891,229.283,42.63,51.301,48.7
2020,CREW,39,0.513,2.667,220.051,41.615,49.415,50.586
2020,CREW,43,0.535,2.791,228.465,43.326,49.221,50.778
2020,CREW,46,0.478,-1.109,223.891,40.435,49.408,50.591
2020,MAIN,38,0.526,0.421,220.632,41,50.578,49.422
2020,MAIN,39,0.59,3.59,221.333,41,51.532,48.468
2020,CREW,42,0.548,1.667,224.286,41.238,50.751,49.25
2020,MAIN,38,0.553,2.263,220.895,38.895,50.812,49.188
2020,CREW,35,0.6,3.486,223.086,41.857,51.195,48.806
2020,CREW,36,0.417,-1.611,222.722,39.694,47.516,52.485
2020,MAIN,38,0.526,-1.526,221.474,40.789,49.678,50.323
2020,CREW,32,0.531,1.125,219.563,42.063,50.371,49.628
2020,CREW,35,0.514,2.943,224.829,42.229,51.217,48.782
2020,MAIN,37,0.459,0.541,220.865,40.946,50.429,49.571
2020,CREW,32,0.563,1.75,224.438,42.031,48.997,51.004
2020,CREW,35,0.6,2.886,225.171,38.8,50.295,49.705
2020,CREW,29,0.621,4.759,219.31,39.897,50.475,49.524
2020,CREW,30,0.467,-1.033,226.167,41.167,47.935,52.064
2020,CREW,37,0.514,3.757,224.243,41.054,50.691,49.309
2020,MAIN,37,0.459,0.784,220.297,43.703,51.453,48.546
2020,CREW,29,0.517,-0.138,226.138,40.483,50.17,49.829
2020,CREW,30,0.5,2.933,218.4,40.267,50.331,49.668
2020,CREW,30,0.533,-0.533,224.133,39.867,50.919,49.08
2020,CREW,28,0.5,0.5,218,39.821,51.122,48.879
2020,MAIN,34,0.618,3.471,223.529,42.647,50.966,49.035
2020,MAIN,33,0.576,1.273,216.909,43,49.894,50.106
2020,CREW,31,0.548,0.032,219.452,40.355,49.081,50.919
2020,MAIN,30,0.5,-0.167,226.9,39.733,50.755,49.245
2020,MAIN,30,0.533,3.067,229.8,43,49.535,50.465
2020,CREW,27,0.556,3.741,226.407,40.519,52.193,47.806
2020,CREW,27,0.556,3.148,219.296,41,52.123,47.877
2020,MAIN,30,0.333,-5.267,223.667,41.933,52.783,47.218
2020,MAIN,26,0.577,2.654,221.654,40.692,52.363,47.637
2020,CREW,30,0.533,2.033,217.1,41.7,51.239,48.761
2020,MAIN,29,0.621,2.897,231.379,41.793,50.578,49.423
2020,MAIN,25,0.56,3.28,223.84,41.84,49.14,50.86
2020,MAIN,27,0.667,7.444,219.296,42.704,49.956,50.043
2020,CREW,28,0.429,-3.357,222.643,42.393,49.705,50.295
2020,MAIN,25,0.52,0.32,226.16,45.32,49.515,50.485
2020,CREW,27,0.519,3.185,224.37,41.556,51.069,48.93
2020,CREW,30,0.633,2.2,227,42.833,50.895,49.105
2020,MAIN,22,0.455,-0.864,215.773,41.773,50.707,49.292
2020,CREW,22,0.5,-0.136,217.045,43.273,50.525,49.474
2020,MAIN,25,0.52,2.16,215.84,39.4,51.269,48.731
2020,CREW,25,0.6,4.08,229.52,39.68,50.403,49.597
2020,CREW,25,0.56,1.44,228.24,42.88,52.892,47.108
2020,CREW,19,0.421,-0.263,226.895,40.421,49.219,50.781
2020,MAIN,25,0.52,0.96,224,40.2,51.841,48.159
2020,MAIN,22,0.455,-3.864,224.227,41.136,49.061,50.94
2020,MAIN,19,0.263,-3.632,221.526,43.579,47.464,52.536
2020,CREW,16,0.625,7.5,214.625,41.875,50.597,49.403
2020,CREW,23,0.783,9.043,229.739,46.304,51.737,48.263
2020,CREW,20,0.4,-0.5,221.9,44.9,51.782,48.218
2020,CREW,17,0.412,-1.118,219.588,41.294,51.852,48.148
2020,CREW,23,0.609,4.087,226,41.13,52.855,47.146
2020,CREW,17,0.647,3.294,219.176,42.294,50.626,49.374
2020,CREW,13,0.462,0.615,233.077,41.308,48.417,51.582
2020,CREW,13,0.692,3.154,222.077,40.154,50.958,49.042
2020,CREW,13,0.692,3.154,225.462,40.231,50.287,49.713
2020,MAIN,21,0.476,1.238,228.762,41.476,50.287,49.713
2020,CREW,17,0.588,3.824,221.706,44.412,50.463,49.536
2020,MAIN,15,0.8,6.067,234.733,43.8,50.989,49.011
2020,CREW,13,0.385,-1.846,221.538,40.154,48.85,51.149
2020,MAIN,14,0.571,2.571,218,41.571,50.172,49.829
2020,CREW,15,0.4,-0.2,225.133,40.333,51.075,48.926
2020,CREW,11,0.727,6.273,218.273,41,50.554,49.446
2020,CREW,8,0.625,4.125,219.625,39.25,51.274,48.726
2020,CREW,11,0.818,5.364,225.727,39.545,53.334,46.667
2020,CREW,8,0.75,5.125,223.375,42.25,46.746,53.254
2020,MAIN,9,0.444,2.556,237.444,39.667,51.82,48.179
2020,CREW,13,0.462,-0.154,222.615,41.154,47.476,52.523
2020,CREW,12,0.5,2.75,237.75,42.417,48.133,51.866
2020,MAIN,8,0.625,11.125,226.125,39.125,51.118,48.882
2020,MAIN,9,0.667,5.444,235.444,46.667,47.381,52.619
2020,MAIN,8,0.5,1.5,231.5,43.125,51.014,48.986
2020,MAIN,8,0.5,2.125,230.375,41.375,49.245,50.755
2020,CREW,8,0.75,9.375,229.625,36.75,51.02,48.98
2020,MAIN,7,0.857,12.143,223,38.714,49.447,50.554
2020,MAIN,5,0.6,-1.6,225.6,40.6,50.246,49.754
2020,MAIN,6,0.333,-2.333,231,43.667,53.053,46.946
2020,MAIN,8,0.5,-1.25,218.75,39.5,50,50
2020,CREW,4,0.75,9.5,221,39.75,47.799,52.201
2020,MAIN,3,0.667,5,208.333,44.667,53.731,46.268
2020,MAIN,3,1,14,205.333,45.333,44.118,55.883
2020,CREW,2,0,-15,234,39,57.692,42.308
2020,CREW,2,1,23,231,42.5,57.647,42.353
2020,CREW,2,1,16.5,221.5,39.5,59.494,40.506
2020,MAIN,2,1,4.5,203.5,43,48.837,51.163
2020,MAIN,1,1,5,189,40,65,35
2020,MAIN,1,1,8,200,34,47.059,52.941
2020,MAIN,1,1,16,244,49,46.939,53.061
2020,CREW,1,0,-2,204,36,50,50
2020,CREW,2,0.5,-8,219,35,50,50
2020,MAIN,1,0,-8,210,43,51.163,48.837
2020,MAIN,1,1,29,219,49,48.98,51.02
2020,MAIN,1,0,-12,230,38,50,50
2020,MAIN,1,0,-1,221,48,56.25,43.75
2020,MAIN,1,1,20,282,53,50.943,49.057
2020,MAIN,1,1,28,252,41,39.024,60.976
2020,CREW,54,0.574,3.704,217.37,39.333,50.189,49.812
2020,CREW,55,0.618,2.745,221.618,42.545,50.855,49.146
2020,CREW,55,0.564,2.036,224.582,43.273,50.126,49.874
2020,CREW,56,0.464,0.571,226.393,40.768,51.905,48.094
2020,CREW,54,0.5,-0.278,229.87,44.185,50.797,49.204
2020,MAIN,51,0.667,3.941,228.098,41.686,50.659,49.342
2020,CREW,53,0.585,4.302,221.472,41.34,50.433,49.566
2020,CREW,52,0.519,1.212,221.481,41.365,48.768,51.232
2020,MAIN,54,0.667,4.185,224.296,39.704,52.518,47.481
2020,MAIN,51,0.588,4.941,225.255,41.569,50.471,49.528
2020,CREW,53,0.566,1.679,225.34,43.358,51.219,48.782
2020,CREW,52,0.558,0.731,219.192,42.904,51.053,48.946
2020,MAIN,51,0.49,3.667,225.235,42.608,50.575,49.425
2020,CREW,49,0.571,3.816,222.388,41.694,49.975,50.024
2020,MAIN,46,0.565,3.63,225.065,41.739,49.688,50.313
2020,CREW,48,0.583,1.375,219.875,42.146,51.013,48.986
2020,CREW,49,0.571,4.122,230.939,42.449,50.673,49.327
2020,CREW,49,0.531,2.224,229.531,43.245,48.796,51.203
2020,CREW,48,0.583,2.396,224.521,40.625,52.308,47.692
2020,CREW,48,0.5,1.063,222.563,39.938,49.973,50.025
2020,CREW,47,0.553,-0.511,221.787,41.596,49.616,50.383
2020,CREW,41,0.634,6.268,222.122,41.024,51.784,48.217
2020,CREW,46,0.63,3.239,221.196,40.065,50.57,49.431
2020,MAIN,42,0.571,0.095,219.143,39.571,48.015,51.986
2020,CREW,46,0.587,3.891,229.283,42.63,51.301,48.7
2020,CREW,39,0.513,2.667,220.051,41.615,49.415,50.586
2020,CREW,43,0.535,2.791,228.465,43.326,49.221,50.778
2020,CREW,46,0.478,-1.109,223.891,40.435,49.408,50.591
2020,MAIN,38,0.526,0.421,220.632,41,50.578,49.422
2020,MAIN,39,0.59,3.59,221.333,41,51.532,48.468
2020,CREW,42,0.548,1.667,224.286,41.238,50.751,49.25
2020,MAIN,38,0.553,2.263,220.895,38.895,50.812,49.188
2020,CREW,35,0.6,3.486,223.086,41.857,51.195,48.806
2020,CREW,36,0.417,-1.611,222.722,39.694,47.516,52.485
2020,MAIN,38,0.526,-1.526,221.474,40.789,49.678,50.323
2020,CREW,32,0.531,1.125,219.563,42.063,50.371,49.628
2020,CREW,35,0.514,2.943,224.829,42.229,51.217,48.782
2020,MAIN,37,0.459,0.541,220.865,40.946,50.429,49.571
2020,CREW,32,0.563,1.75,224.438,42.031,48.997,51.004
2020,CREW,35,0.6,2.886,225.171,38.8,50.295,49.705
2020,CREW,29,0.621,4.759,219.31,39.897,50.475,49.524
2020,CREW,30,0.467,-1.033,226.167,41.167,47.935,52.064
2020,CREW,37,0.514,3.757,224.243,41.054,50.691,49.309
2020,MAIN,37,0.459,0.784,220.297,43.703,51.453,48.546
2020,CREW,29,0.517,-0.138,226.138,40.483,50.17,49.829
2020,CREW,30,0.5,2.933,218.4,40.267,50.331,49.668
2020,CREW,30,0.533,-0.533,224.133,39.867,50.919,49.08
2020,CREW,28,0.5,0.5,218,39.821,51.122,48.879
2020,MAIN,34,0.618,3.471,223.529,42.647,50.966,49.035
2020,MAIN,33,0.576,1.273,216.909,43,49.894,50.106
2020,CREW,31,0.548,0.032,219.452,40.355,49.081,50.919
2020,MAIN,30,0.5,-0.167,226.9,39.733,50.755,49.245
2020,MAIN,30,0.533,3.067,229.8,43,49.535,50.465
2020,CREW,27,0.556,3.741,226.407,40.519,52.193,47.806
2020,CREW,27,0.556,3.148,219.296,41,52.123,47.877
2020,MAIN,30,0.333,-5.267,223.667,41.933,52.783,47.218
2020,MAIN,26,0.577,2.654,221.654,40.692,52.363,47.637
2020,CREW,30,0.533,2.033,217.1,41.7,51.239,48.761
2020,MAIN,29,0.621,2.897,231.379,41.793,50.578,49.423
2020,MAIN,25,0.56,3.28,223.84,41.84,49.14,50.86
2020,MAIN,27,0.667,7.444,219.296,42.704,49.956,50.043
2020,CREW,28,0.429,-3.357,222.643,42.393,49.705,50.295
2020,MAIN,25,0.52,0.32,226.16,45.32,49.515,50.485
2020,CREW,27,0.519,3.185,224.37,41.556,51.069,48.93
2020,CREW,30,0.633,2.2,227,42.833,50.895,49.105
2020,MAIN,22,0.455,-0.864,215.773,41.773,50.707,49.292
2020,CREW,22,0.5,-0.136,217.045,43.273,50.525,49.474
2020,MAIN,25,0.52,2.16,215.84,39.4,51.269,48.731
2020,CREW,25,0.6,4.08,229.52,39.68,50.403,49.597
2020,CREW,25,0.56,1.44,228.24,42.88,52.892,47.108
2020,CREW,19,0.421,-0.263,226.895,40.421,49.219,50.781
2020,MAIN,25,0.52,0.96,224,40.2,51.841,48.159
2020,MAIN,22,0.455,-3.864,224.227,41.136,49.061,50.94
2020,MAIN,19,0.263,-3.632,221.526,43.579,47.464,52.536
2020,CREW,16,0.625,7.5,214.625,41.875,50.597,49.403
2020,CREW,23,0.783,9.043,229.739,46.304,51.737,48.263
2020,CREW,20,0.4,-0.5,221.9,44.9,51.782,48.218
2020,CREW,17,0.412,-1.118,219.588,41.294,51.852,48.148
2020,CREW,23,0.609,4.087,226,41.13,52.855,47.146
2020,CREW,17,0.647,3.294,219.176,42.294,50.626,49.374
2020,CREW,13,0.462,0.615,233.077,41.308,48.417,51.582
2020,CREW,13,0.692,3.154,222.077,40.154,50.958,49.042
2020,CREW,13,0.692,3.154,225.462,40.231,50.287,49.713
2020,MAIN,21,0.476,1.238,228.762,41.476,50.287,49.713
2020,CREW,17,0.588,3.824,221.706,44.412,50.463,49.536
2020,MAIN,15,0.8,6.067,234.733,43.8,50.989,49.011
2020,CREW,13,0.385,-1.846,221.538,40.154,48.85,51.149
2020,MAIN,14,0.571,2.571,218,41.571,50.172,49.829
2020,CREW,15,0.4,-0.2,225.133,40.333,51.075,48.926
2020,CREW,11,0.727,6.273,218.273,41,50.554,49.446
2020,CREW,8,0.625,4.125,219.625,39.25,51.274,48.726
2020,CREW,11,0.818,5.364,225.727,39.545,53.334,46.667
2020,CREW,8,0.75,5.125,223.375,42.25,46.746,53.254
2020,MAIN,9,0.444,2.556,237.444,39.667,51.82,48.179
2020,CREW,13,0.462,-0.154,222.615,41.154,47.476,52.523
2020,CREW,12,0.5,2.75,237.75,42.417,48.133,51.866
2020,MAIN,8,0.625,11.125,226.125,39.125,51.118,48.882
2020,MAIN,9,0.667,5.444,235.444,46.667,47.381,52.619
2020,MAIN,8,0.5,1.5,231.5,43.125,51.014,48.986
2020,MAIN,8,0.5,2.125,230.375,41.375,49.245,50.755
2020,CREW,8,0.75,9.375,229.625,36.75,51.02,48.98
2020,MAIN,7,0.857,12.143,223,38.714,49.447,50.554
2020,MAIN,5,0.6,-1.6,225.6,40.6,50.246,49.754
2020,MAIN,6,0.333,-2.333,231,43.667,53.053,46.946
2020,MAIN,8,0.5,-1.25,218.75,39.5,50,50
2020,CREW,4,0.75,9.5,221,39.75,47.799,52.201
2020,MAIN,3,0.667,5,208.333,44.667,53.731,46.268
2020,MAIN,3,1,14,205.333,45.333,44.118,55.883
2020,CREW,2,0,-15,234,39,57.692,42.308
2020,CREW,2,1,23,231,42.5,57.647,42.353
2020,CREW,2,1,16.5,221.5,39.5,59.494,40.506
2020,MAIN,2,1,4.5,203.5,43,48.837,51.163
2020,MAIN,1,1,5,189,40,65,35
2020,MAIN,1,1,8,200,34,47.059,52.941
2020,MAIN,1,1,16,244,49,46.939,53.061
2020,CREW,1,0,-2,204,36,50,50
2020,CREW,2,0.5,-8,219,35,50,50
2020,MAIN,1,0,-8,210,43,51.163,48.837
2020,MAIN,1,1,29,219,49,48.98,51.02
2020,MAIN,1,0,-12,230,38,50,50
2020,MAIN,1,0,-1,221,48,56.25,43.75
2020,MAIN,1,1,20,282,53,50.943,49.057
2020,MAIN,1,1,28,252,41,39.024,60.976
2019,CREW,58,0.603,2.9,220.7,42.8,50.1,49.9
2019,CREW,44,0.5,0.7,217.6,41.4,49,51
2019,CREW,39,0.795,7,224,42.7,51.6,48.5
2019,MAIN,25,0.56,2.2,220.8,43.1,49.5,50.6
2019,CREW,58,0.448,-1.4,221.8,40.6,49.8,50.2
2019,MAIN,3,0.667,3,239.7,45,54.8,45.2
2019,CREW,52,0.5,-0.2,222.9,41.2,50.1,49.9
2019,MAIN,10,0.6,-1.1,217.9,42.2,54.3,45.7
2019,CREW,36,0.5,-0.5,225.4,43.4,50.9,49
2019,MAIN,23,0.391,-1.6,218.6,42.2,51,49
2019,MAIN,63,0.651,5.7,222.8,43.3,50.6,49.3
2019,CREW,39,0.564,2.8,218.5,41.3,50.2,49.9
2019,MAIN,23,0.652,5.3,229,41.1,50,50
2019,CREW,62,0.661,3.3,222.4,41.9,50.7,49.4
2019,MAIN,2,0.5,2,216,48,47.9,52.1
2019,CREW,9,0.667,4.2,216.7,39.2,49,51
2019,MAIN,59,0.712,5.6,220.4,39.6,51.1,48.9
2019,MAIN,60,0.617,2.9,220.4,42.5,51.7,48.3
2019,CREW,34,0.588,0.3,222.5,40.3,50.6,49.3
2019,MAIN,26,0.615,6,214.6,39.7,50.6,49.4
2019,MAIN,21,0.619,3,223.6,42,53.6,46.4
2019,CREW,52,0.5,-0.8,228.8,40.6,51.6,48.5
2019,MAIN,4,0.5,7.3,232.8,44.8,50.8,49.1
2019,CREW,33,0.545,3.8,221.5,42.9,49,51.1
2019,CREW,55,0.564,1.4,220.5,39.8,50,50
2019,MAIN,5,0.6,0.6,213.4,39.2,55.1,44.9
2019,CREW,20,0.35,-5.1,223.8,40.1,50.5,49.4
2019,MAIN,43,0.605,3.1,222,40.8,50.4,49.5
2019,CREW,12,0.667,5.5,214.5,40.2,51.4,48.5
2019,MAIN,43,0.651,3.7,223.1,41.1,50.2,49.9
2019,CREW,58,0.603,2.3,226.2,45.7,49.5,50.4
2019,CREW,50,0.68,3.2,224,42,50.6,49.3
2019,MAIN,14,0.5,2.3,216.9,42.2,48.4,51.6
2019,CREW,64,0.641,4.3,224.1,42,51,49
2019,CREW,51,0.627,4.5,218.7,41.5,50.3,49.7
2019,MAIN,13,0.385,1.9,219,42.7,50.8,49.2
2019,CREW,1,0,-1,225,44,56.8,43.2
2019,MAIN,63,0.683,4.5,221.4,42.2,50.4,49.7
2019,CREW,25,0.6,1.8,218.4,40.6,50.2,49.9
2019,MAIN,40,0.55,5.5,218.2,41.1,49.6,50.2
2019,CREW,12,0.5,-1.1,213.1,41,52.4,47.6
2019,MAIN,48,0.625,3.6,216.1,39,52.2,47.7
2019,CREW,49,0.551,3.6,228.5,44.7,50.8,49.2
2019,CREW,40,0.575,2.9,223.3,41.4,51,49
2019,MAIN,23,0.565,3.4,221.7,43.9,48.1,51.8
2019,CREW,49,0.531,0.9,221.7,42.2,50.7,49.4
2019,CREW,9,0.222,-2.6,228.6,38,50.6,49.4
2019,CREW,33,0.606,2.8,222.4,39.5,51.2,48.8
2019,MAIN,28,0.571,1.3,228.5,42.2,48.8,51.2
2019,CREW,31,0.548,2.9,218.4,41.3,50.6,49.3
2019,MAIN,30,0.567,1.8,220,41.8,50.6,49.3
2019,CREW,58,0.569,3.5,222.1,43.1,50.6,49.5
2019,MAIN,6,0.833,8.7,239.3,42,52,48
2019,CREW,63,0.571,2,228.1,45.5,50,50.1
2019,MAIN,1,1,16,224,43,39.5,60.5
2019,CREW,21,0.619,-2.5,222.1,44.4,51.3,48.7
2019,MAIN,42,0.548,0.1,222.1,42.5,52.1,48
2019,CREW,55,0.564,0.4,224.9,41.7,50.5,49.6
2019,MAIN,8,0.75,6.3,210.8,42.4,53.7,46.3
2019,CREW,60,0.65,4,223.5,41,50.2,49.8
2019,CREW,33,0.636,4.9,212.2,39.1,51.5,48.4
2019,MAIN,32,0.656,4.2,230.6,42.1,52.1,47.9
2019,CREW,3,1,15.3,226.7,39.3,45,55.1
2019,MAIN,56,0.536,1.3,220.1,41.7,49.8,50.1
2019,CREW,6,0.667,2,225,39.5,49.8,50.2
2019,MAIN,58,0.621,3.3,221.4,41.3,49.1,50.8
2019,CREW,31,0.645,4.6,215.1,39,52.4,47.6
2019,CREW,33,0.636,3.3,224.6,40.9,50.2,49.8
2019,CREW,44,0.75,6.7,220.6,42.5,48.9,51
2019,CREW,60,0.567,4.1,221.6,41.9,49.3,50.6
2019,MAIN,1,0,-12,196,45,46.7,53.3
2019,CREW,64,0.672,4.3,218,41.1,48.6,51.5
2019,CREW,15,0.733,5.3,225.1,41.8,51.8,48.2
2019,MAIN,48,0.604,2,226.9,41.8,50.2,49.7
2019,CREW,32,0.375,-3.6,221.2,42.4,49.2,50.9
2019,CREW,25,0.6,6.7,222.7,41.2,50.9,49.1
2019,CREW,14,0.5,-0.4,226.4,39.6,51.8,48.3
2019,MAIN,36,0.528,2.2,227.6,40.9,50.3,49.6
2019,MAIN,27,0.593,1.5,223.7,40.5,49.6,50.5
2019,CREW,31,0.548,2.8,217.9,42,51.5,48.5
2019,CREW,10,0.5,5.5,220.5,41,53.7,46.3
2019,CREW,54,0.648,3.9,221.6,41,50,50
2019,MAIN,6,0.333,-8.2,222.2,42.8,50.2,49.8
2019,CREW,59,0.627,2.4,224.9,42.1,51.1,48.8
2019,CREW,23,0.739,5.7,219.8,41,52.4,47.7
2019,MAIN,33,0.455,-2,225.8,45.7,50.5,49.4
2019,CREW,46,0.63,-0.5,225.3,42.2,51.4,48.6
2019,CREW,64,0.609,3.2,221.7,40.9,51.7,48.2
2019,CREW,63,0.619,4.3,224.1,42.6,50,49.9
2019,MAIN,1,1,2,208,38,47.4,52.6
2019,CREW,45,0.6,2,223.8,41.7,50.9,49.2
2019,MAIN,19,0.421,-0.8,225.7,42.7,49.1,51
2019,CREW,62,0.677,7.5,225.6,42.5,50.2,49.8
2019,MAIN,2,1,6.5,231.5,45.5,57.1,42.9
2019,CREW,49,0.714,6,217,39.8,52.1,48
2019,CREW,19,0.579,4.9,219.8,43.6,49.7,50.2
2019,MAIN,37,0.405,-0.8,218.7,39.7,50.9,49.1
2019,CREW,39,0.615,4.1,220.2,43.2,49.9,50
2019,MAIN,2,1,14,252,47.5,52.6,47.4
2019,CREW,10,0.4,-1,222.4,39.7,47.6,52.4
2019,MAIN,50,0.56,3.2,222.1,42.6,50.5,49.4
2019,CREW,63,0.571,1.7,226.3,42.3,49.7,50.2
2019,CREW,24,0.625,4.5,221.3,42,50.7,49.2
2019,MAIN,29,0.552,-2.4,223.8,42.2,47.3,52.7
2019,CREW,44,0.636,3,224.9,41.5,50.2,49.9
2019,MAIN,3,0.667,-4.3,243,36.3,49.6,50.5
2019,CREW,35,0.429,0.5,223.8,41.1,51.4,48.7
2019,MAIN,29,0.69,3.9,226.1,44.6,50,49.9
2019,CREW,28,0.429,1,219.8,42.3,50.5,49.5
2019,MAIN,35,0.686,3.1,226.7,41.5,48.9,51.2
2018,MAIN,1,1,6,202,39,53.8,46.2
2018,MAIN,35,0.514,1.7,212.9,41.5,49.8,50.2
2018,MAIN,31,0.581,2.8,209.6,39.4,51,49
2018,MAIN,31,0.677,5.2,215.5,39.9,51.3,48.8
2018,MAIN,5,0.8,8,230.8,43.4,49.3,50.7
2018,MAIN,1,1,8,234,34,52.9,47.1
2018,MAIN,11,0.545,-4.5,217.4,39.7,52.4,47.6
2018,MAIN,24,0.583,1.4,218.4,39.4,50.9,49.1
2018,MAIN,13,0.846,10.5,211.8,42,50.9,49.1
2018,MAIN,21,0.571,3,215.8,40,50.7,49.3
2018,MAIN,27,0.593,2.5,219.1,40.2,49.1,50.9
2018,MAIN,57,0.491,0.7,209.7,39.4,49.2,50.7
2018,MAIN,32,0.531,1.2,213.9,36.9,49.5,50.6
2018,MAIN,1,0,-6,188,43,58.1,41.9
2018,MAIN,24,0.583,3.4,219,42,49.1,50.9
2018,MAIN,20,0.7,3.5,205.8,39.9,50.8,49.2
2018,MAIN,1,1,5,235,35,48.6,51.4
2018,MAIN,2,1,8,209,48.5,53.6,46.4
2018,MAIN,72,0.722,4.3,208.3,41.6,52,48
2018,MAIN,2,0.5,4.5,221.5,33.5,52.2,47.8
2018,MAIN,15,0.667,3.6,222,41.4,50.1,49.9
2018,MAIN,32,0.656,3.3,208.6,36.6,50.9,49
2018,MAIN,18,0.667,1.2,213.3,42.8,53,47
2018,MAIN,3,0.667,-1.7,213.7,45.3,52.2,47.8
2018,MAIN,10,0.5,-3.3,222.5,42.6,49.5,50.5
2018,MAIN,70,0.543,2.6,212.4,39.5,50.3,49.7
2018,MAIN,2,0,-5,199,42.5,42.4,57.6
2018,MAIN,2,0.5,-0.5,198.5,38.5,50.6,49.4
2018,MAIN,24,0.417,-2.4,214.7,40.8,50.8,49.1
2018,MAIN,33,0.667,2.3,214.2,40.7,51.3,48.6
2018,MAIN,4,0.25,1.3,205.8,39.3,49,50.9
2018,MAIN,43,0.535,2.7,218.1,38.5,50.9,49
2018,MAIN,24,0.583,4,204.3,39.2,50.7,49.2
2018,MAIN,9,0.556,4.1,212.3,36.9,51.5,48.5
2018,MAIN,22,0.364,-5.4,204.6,39.9,48.8,51.3
2018,MAIN,40,0.625,4,211,40.4,51.5,48.3
2018,MAIN,72,0.569,3.4,210.7,38.9,50.6,49.3
2018,MAIN,19,0.526,1.4,210.1,40.3,50.4,49.6
2018,MAIN,2,1,10.5,197.5,40,46.3,53.8
2018,MAIN,31,0.613,2.4,212,37.8,50.4,49.7
2018,MAIN,51,0.569,1.4,212.6,39,50.2,49.9
2018,MAIN,55,0.582,5.1,213.9,38.3,51.5,48.7
2018,MAIN,61,0.639,2.7,216.3,41.4,50.5,49.6
2018,MAIN,30,0.533,-0.6,208.5,37.9,48.9,51.2
2018,MAIN,53,0.585,2.9,206.9,40.7,51.1,48.9
2018,MAIN,19,0.789,7.5,214,42.6,52.3,47.8
2018,MAIN,44,0.568,0.8,212,39.6,52,48
2018,MAIN,67,0.567,1.4,212.5,40.3,50.7,49.4
2018,MAIN,20,0.6,2.3,216.6,38.9,48.7,51.3
2018,MAIN,26,0.5,-1.5,213.2,38.5,49.8,50.3
2018,CREW,56,0.625,2.8,211.2,38.6,51.4,48.5
2018,CREW,61,0.639,5.6,214.9,40.8,49,50.9
2018,CREW,30,0.433,-0.9,214.3,42.7,50.6,49.5
2018,CREW,37,0.595,2.3,211.6,38.5,52.2,47.9
2018,CREW,20,0.5,-1.2,206.5,39.7,50.9,49.1
2018,CREW,6,0.5,2,202.7,40,50.8,49.2
2018,CREW,59,0.593,1.9,212.4,39,49.3,50.7
2018,CREW,42,0.571,2.8,212.2,41.3,49.3,50.6
2018,CREW,57,0.596,3.4,210.5,39.7,49.6,50.3
2018,CREW,41,0.61,6.4,212.9,40.1,48.4,51.6
2018,CREW,42,0.571,4.3,211.5,41.1,51.1,48.9
2018,CREW,58,0.569,1.4,208.2,39,50.6,49.4
2018,CREW,56,0.518,2.2,210.5,39.7,49.2,50.8
2018,CREW,61,0.574,2.6,210.7,40.1,50.9,49
2018,CREW,35,0.571,-1,211.9,37.1,50.1,49.8
2018,CREW,39,0.744,5.4,207.6,38.5,51.1,48.8
2018,CREW,14,0.5,0.2,207.2,39.1,49.7,50.4
2018,CREW,38,0.684,6.1,212.6,39.8,50.7,49.2
2018,CREW,25,0.52,1.6,207.2,36.2,49.4,50.5
2018,CREW,40,0.625,1.8,215.2,40.7,52.3,47.7
2018,CREW,43,0.651,2.9,214.8,39.2,50.5,49.4
2018,CREW,59,0.627,2.2,217.3,39.4,49.6,50.4
2018,CREW,54,0.444,-3,214.3,40.2,52.1,48
2018,CREW,5,0.8,4,214,38.2,50.8,49.2
2018,CREW,60,0.583,1.4,212.1,39.8,53.1,46.9
2018,CREW,50,0.7,6.6,213.5,39.9,51.3,48.7
2018,CREW,61,0.689,3.3,213.8,40.3,49.9,50
2018,CREW,39,0.667,4.7,213.5,40.4,51.3,48.8
2018,CREW,27,0.63,2.5,206.5,39,50.9,49.1
2018,CREW,50,0.6,3.2,211.8,40.3,49.4,50.5
2018,CREW,41,0.537,-0.1,214.9,40.6,50.5,49.4
2018,CREW,62,0.548,0.6,215.5,39,50.8,49.1
2018,CREW,55,0.545,1.3,210.6,40.3,50.8,49.4
2018,CREW,53,0.585,1.8,207.9,41,50.2,49.8
2018,CREW,63,0.571,2.3,213.6,40.8,50.7,49.2
2018,CREW,2,1,6.5,203.5,34,45.6,54.4
2018,CREW,61,0.541,1.6,213.2,37.9,52.2,47.7
2018,CREW,59,0.525,1.1,216.4,39.4,50.3,49.6
2018,CREW,55,0.545,0.6,215,40.2,50,49.9
2018,CREW,34,0.618,3.6,208.7,37.3,52,48
2018,CREW,25,0.56,2,210.8,39.2,51.6,48.3
2018,CREW,59,0.492,0.5,216.1,41,50.2,49.8
2018,CREW,30,0.6,4.4,211.8,39.1,49.4,50.7
2018,CREW,44,0.636,5.8,215,40.1,49.9,50.2
2018,CREW,55,0.491,1.3,207.4,38.2,50.1,49.8
2018,CREW,39,0.615,2,210.7,40.9,50.2,50
2018,CREW,3,0.333,-6,195.3,34.3,46.6,53.4
2018,CREW,20,0.5,-0.4,216,42.9,52,47.9
2018,CREW,1,1,11,183,35,54.3,45.7
2018,CREW,47,0.66,2.2,211.8,42,52,48
2018,CREW,60,0.667,2.8,222.1,42.5,52,48
2018,CREW,37,0.541,2.4,208.9,37.2,50.7,49.3
2018,CREW,7,0.429,1.9,194.7,36.7,51.8,48.3
2018,CREW,6,0.5,2.5,209.2,35,45.7,54.3
2018,CREW,34,0.647,1.9,214.8,39.9,50.9,49.1
2018,CREW,11,0.455,1.6,207.6,38.9,49.8,50.2
2018,CREW,8,0.5,2,216,36.6,50.2,49.9
2018,CREW,4,0.75,8.8,201.8,40.5,52.5,47.5
2018,CREW,13,0.538,0.5,209.6,44.4,51.8,48.2
2018,CREW,59,0.61,2.6,215.3,39.3,51.1,48.9
2018,CREW,31,0.516,1.9,210.1,39.4,47.8,52.2
2018,CREW,43,0.628,2.2,213.3,40,47.8,52.1
2018,CREW,24,0.833,6.7,212,39,50.4,49.7
2018,CREW,1,1,5,235,35,48.6,51.4
2018,CREW,46,0.63,2.7,207.5,41.3,52.3,47.6
2018,CREW,56,0.554,2.7,213.7,39.9,50.4,49.7
2018,CREW,59,0.61,3,213.3,41.3,51.4,48.5
2018,CREW,8,0.625,7.3,217,42.6,51.9,48.1
2018,CREW,44,0.455,-0.5,211.9,38.4,52.3,47.8
2017,MAIN,44,0.5,1.3,210.6,40,50.4,49.6
2017,MAIN,50,0.64,4.3,210.1,38.5,50.2,49.9
2017,MAIN,5,0.8,7.4,205.8,37.2,48.9,51.1
2017,MAIN,18,0.722,6.1,215.9,39.4,52.5,47.7
2017,MAIN,2,0.5,-11.5,212.5,46.5,50.5,49.5
2017,MAIN,59,0.576,2.3,210.5,39.3,51.6,48.5
2017,MAIN,11,0.364,1,205.2,42,49.6,50.4
2017,MAIN,19,0.316,0.1,215.5,39.6,49.6,50.5
2017,MAIN,21,0.476,0.1,205.4,40.4,50.1,49.9
2017,MAIN,56,0.554,2.3,209.9,39.2,50.5,49.5
2017,MAIN,23,0.565,4.3,211.2,37.5,50.1,49.9
2017,MAIN,13,0.615,6.1,195.9,36.5,51.4,48.5
2017,MAIN,15,0.533,0.9,213.1,40.8,51.6,48.4
2017,MAIN,1,1,23,209,32,43.8,56.3
2017,MAIN,62,0.677,4.2,212.8,42.4,51.7,48.2
2017,MAIN,20,0.6,5.7,208.7,38.8,51.7,48.2
2017,MAIN,26,0.692,5.6,206.3,41,53.1,46.9
2017,MAIN,3,0.667,-0.7,200.7,37.3,52.7,47.4
2017,MAIN,4,0.5,4,201,38.8,54.1,45.7
2017,MAIN,61,0.574,2,212.6,39.9,49.3,50.6
2017,MAIN,61,0.574,2,212.6,39.9,49.3,50.6
2017,MAIN,1,0,-17,227,33,36.4,63.6
2017,MAIN,15,0.533,1.8,213,41.2,52.4,47.6
2017,MAIN,35,0.514,1.6,213.3,39.3,52.1,48
2017,MAIN,41,0.537,1.7,210.4,37.5,52.9,47.1
2017,MAIN,2,1,5.5,224.5,38.5,44.2,55.8
2017,MAIN,9,0.556,7.2,222.1,41.9,50.9,49.1
2017,MAIN,7,0.571,2.1,221.9,41.7,53.8,46.2
2017,MAIN,32,0.594,2.9,207.2,39.7,50.2,49.8
2017,MAIN,60,0.567,1.2,208.2,38.7,50.9,49
2017,MAIN,61,0.672,5.1,213.4,40.2,50.5,49.5
2017,MAIN,19,0.632,3.9,218.3,42.5,51.6,48.4
2017,MAIN,51,0.627,2.5,209.1,38.7,52.6,47.4
2017,MAIN,36,0.556,4.8,210.1,38.5,51.2,48.9
2017,MAIN,67,0.597,4.1,214.9,42.1,50.6,49.6
2017,MAIN,22,0.5,1.2,209.7,40.2,50.4,49.6
2017,MAIN,56,0.482,0.8,209.6,39,50.7,49.3
2017,MAIN,22,0.5,0.8,215.2,39.8,48.7,51.3
2017,MAIN,47,0.66,4.2,210.7,39.9,51.2,48.6
2017,MAIN,61,0.705,6.3,213.1,39.9,52,47.9
2017,MAIN,12,0.667,7,213,38.8,51.3,48.8
2017,MAIN,27,0.481,2.3,213.5,39.4,49.8,50.1
2017,CREW,53,0.642,5.6,210.7,37,50.9,49
2017,CREW,51,0.51,1.7,214,41.6,50.3,49.7
2017,CREW,28,0.643,3.8,211.4,41.6,49.9,50.1
2017,CREW,21,0.714,6.9,211.5,38.4,52.2,47.9
2017,CREW,8,0.875,8.8,210.3,37.3,54.3,45.6
2017,CREW,65,0.523,2.6,212.3,39.9,51.3,48.7
2017,CREW,40,0.6,5.5,210.1,39.2,50.3,49.8
2017,CREW,60,0.633,4.3,212.1,38.8,51.5,48.4
2017,CREW,44,0.5,-0.6,209.9,41,50.2,49.7
2017,CREW,44,0.659,4,206.2,38.5,52.2,47.9
2017,CREW,48,0.625,3.8,213.1,39.7,50.9,49.2
2017,CREW,1,0,-24,226,36,50,50
2017,CREW,33,0.424,-1.4,218.2,42.1,49.4,50.5
2017,CREW,55,0.545,1.3,209.7,39.3,51.6,48.3
2017,CREW,28,0.679,5.3,208.9,38.2,49.5,50.6
2017,CREW,43,0.558,4.9,218.3,39.3,50.3,49.7
2017,CREW,7,0.286,-2.9,200.3,37.3,47.5,52.5
2017,CREW,35,0.686,5.6,212.7,38.1,52.9,47
2017,CREW,58,0.586,2,207.2,38.3,51.2,48.8
2017,CREW,54,0.537,2.6,209.1,40.6,50.5,49.5
2017,CREW,44,0.614,5.8,207.9,42.3,51.6,48.4
2017,CREW,51,0.608,4.1,211.5,39.1,52,47.9
2017,CREW,51,0.588,2.6,211.2,40.5,51.4,48.6
2017,CREW,54,0.63,4.2,214.9,40.4,49.9,50.1
2017,CREW,34,0.559,2.1,214.2,39.3,51.6,48.5
2017,CREW,69,0.565,3.9,214.3,39.3,51.3,48.8
2017,CREW,4,0.75,10.5,211.5,39.5,53.8,46.2
2017,CREW,13,0.615,3.5,204.4,36.6,50.4,49.6
2017,CREW,44,0.636,5.1,209,40.8,50.5,49.5
2017,CREW,66,0.545,2,211.2,40,50.8,49.4
2017,CREW,58,0.69,6.1,210.9,40.6,51,48.9
2017,CREW,65,0.6,2.7,211.5,41.1,50,50
2017,CREW,67,0.522,2.8,210.4,39.9,51.5,48.6
2017,CREW,2,0.5,7,195,39,43.6,56.4
2017,CREW,56,0.607,4.4,211.7,39.6,52.2,47.8
2017,CREW,64,0.625,3.8,209.2,38.6,51.4,48.5
2017,CREW,44,0.545,-1.1,213.3,39.6,51.3,48.7
2017,CREW,36,0.611,4.5,210.8,38.3,51.8,48.2
2017,CREW,22,0.455,-1.2,211,38.9,49,50.9
2017,CREW,59,0.576,3,210.8,40.2,50.6,49.4
2017,CREW,24,0.333,-3.4,219.8,37,50.2,49.8
2017,CREW,46,0.609,5.3,212.4,41.5,51.6,48.5
2017,CREW,64,0.578,2.7,211,38.9,51,48.9
2017,CREW,57,0.544,1.4,208.1,40.9,49.4,50.6
2017,CREW,27,0.741,6.2,211.3,39.9,51.6,48.5
2017,CREW,1,1,9,225,23,56.5,43.5
2017,CREW,45,0.533,2.2,213.5,43,50.6,49.4
2017,CREW,3,0.667,8,214.7,38,51.8,48.2
2017,CREW,53,0.528,1.6,207.1,39.9,51,48.9
2017,CREW,46,0.674,5.1,212.4,38.5,51.4,48.5
2017,CREW,4,0.25,3,201,36.3,44.8,55.1
2017,CREW,14,0.429,-1.2,209.9,37.9,50.5,49.4
2017,CREW,20,0.55,0.5,213.6,39.3,51.4,48.5
2017,CREW,2,1,29,202,41.5,49.4,50.6
2017,CREW,49,0.592,1.9,209.1,39.3,50.3,49.7
2017,CREW,21,0.667,8.1,216.5,40.7,49.5,50.4
2017,CREW,5,0.6,0,214,43.8,49.8,50.2
2016,MAIN,36,0.5,3,201.7,41.1,50.7,49.4
2016,MAIN,19,0.737,6.2,206.5,41.8,51.6,48.5
2016,MAIN,56,0.625,2.9,204.4,38.5,51,49
2016,MAIN,39,0.538,1.8,201.3,37.4,51.8,48.3
2016,MAIN,11,0.636,2.1,193.5,36.5,52.8,47.3
2016,MAIN,15,0.467,4.7,208.2,42.3,49,50.9
2016,MAIN,48,0.5,-1.3,204.4,38.7,49.9,50
2016,MAIN,25,0.56,0,200.4,38.5,54.3,45.7
2016,MAIN,14,0.786,12.1,199.3,40.4,50.7,49.3
2016,MAIN,59,0.627,2.6,206,42,51.5,48.5
2016,MAIN,35,0.714,4.1,204.5,39.3,50,49.9
2016,MAIN,5,0.6,4.8,210.8,44.4,52.3,47.7
2016,MAIN,20,0.45,1.4,207.8,43.4,49.5,50.3
2016,MAIN,60,0.55,2.1,211.4,41.5,51.2,48.7
2016,MAIN,25,0.64,2.7,202.5,39.6,50.6,49.5
2016,MAIN,38,0.711,5.9,205.1,38,52.8,47.2
2016,MAIN,13,0.615,1.4,212.2,45.2,50.9,49
2016,MAIN,14,0.5,0.1,202.3,41.1,48.1,52
2016,MAIN,39,0.564,1.5,209.1,41.2,51,49
2016,MAIN,61,0.492,1.4,203.7,40.4,50.5,49.4
2016,MAIN,61,0.639,2.3,206.2,40.2,50.4,49.7
2016,MAIN,48,0.708,5.9,205.6,43,50.5,49.4
2016,MAIN,61,0.557,2.9,206.4,38.2,52.4,47.7
2016,MAIN,58,0.603,2.6,204.7,40.5,49.8,50.2
2016,MAIN,24,0.583,0.2,208,40.6,51.2,48.9
2016,MAIN,54,0.685,5.2,203.1,41.6,50,50
2016,MAIN,51,0.529,1.6,203.8,40.8,50.3,49.6
2016,MAIN,61,0.623,4.9,205.9,40.6,51,49
2016,MAIN,14,0.429,0.6,208.6,43,53.2,46.8
2016,MAIN,17,0.647,4.6,212.6,45.6,49.1,51
2016,CREW,13,0.538,-0.8,207,39.4,51.9,48
2016,CREW,56,0.482,0.9,206.1,40.7,49.3,50.6
2016,CREW,38,0.579,2.8,202.2,42.1,50.6,49.3
2016,CREW,25,0.52,3,203.7,39.9,52.1,47.9
2016,CREW,66,0.53,0.3,202.3,38.9,51.8,48.3
2016,CREW,13,0.769,8.5,207,39.5,52.4,47.7
2016,CREW,62,0.581,1.7,200.3,38.6,51,49.1
2016,CREW,3,1,6.7,208.7,45,60.7,39.3
2016,CREW,45,0.622,2.9,202.7,40.7,52.4,47.5
2016,CREW,50,0.6,2.2,202.6,42.2,51.1,48.8
2016,CREW,59,0.729,4.1,206.5,40.1,50.6,49.3
2016,CREW,14,0.714,8,208.4,38,52.4,47.6
2016,CREW,50,0.56,1.4,202.5,39,50.7,49.2
2016,CREW,41,0.61,4.7,200.1,42.2,49.8,50.2
2016,CREW,49,0.571,0.5,207.7,41.2,50.4,49.6
2016,CREW,11,0.455,0.9,203.1,38.9,51.9,48.1
2016,CREW,27,0.741,9.7,204.9,37.4,52.3,47.8
2016,CREW,51,0.627,2.8,210.3,39.1,51.7,48.3
2016,CREW,61,0.59,0.5,203,38.8,51.5,48.6
2016,CREW,51,0.49,1.1,204.9,41.5,50.7,49.2
2016,CREW,45,0.622,3.8,211.6,40.7,51.3,48.6
2016,CREW,51,0.431,-0.8,202.4,39.2,52.4,47.6
2016,CREW,56,0.625,2.8,205.4,39.3,51.3,48.8
2016,CREW,65,0.523,1,210,40.6,51.9,48.2
2016,CREW,27,0.741,8.9,209.4,39.9,50.7,49.3
2016,CREW,47,0.532,1.7,202.3,41,49.7,50.2
2016,CREW,66,0.636,1.9,207,42.5,51.3,48.8
2016,CREW,56,0.625,2.8,209.5,41.6,50.8,49.2
2016,CREW,54,0.537,2.2,208.5,41,51.3,48.7
2016,CREW,62,0.565,1.3,208,42.7,50.1,49.8
2016,CREW,52,0.654,3.7,207.1,40.7,51.2,48.8
2016,CREW,55,0.6,4.4,205.6,42,52.4,47.6
2016,CREW,57,0.544,3.2,204,39.1,49.3,50.7
2016,CREW,56,0.571,2.3,203.6,41.4,51.2,48.7
2016,CREW,29,0.724,6.3,207.6,39.9,51.3,48.6
2016,CREW,32,0.688,6.4,202.3,41.1,53.6,46.4
2016,CREW,58,0.69,6.1,207.5,40.7,50.4,49.6
2016,CREW,28,0.571,-1.9,199.2,37.6,51.4,48.5
2016,CREW,50,0.54,1.2,207.7,40.1,49.9,50.2
2016,CREW,62,0.629,4.4,205.9,41,50.2,49.8
2016,CREW,47,0.574,1,202.4,41,49.9,50.1
2016,CREW,48,0.542,2,209.1,41.1,49.9,50
2016,CREW,64,0.547,2.4,204.5,41,51.1,49
2016,CREW,41,0.561,2.3,201,38.4,50.2,49.9
2016,CREW,17,0.706,4.5,199.8,39,53.2,46.8
2016,CREW,57,0.667,4.3,201.7,40.6,50.9,49.1
2016,CREW,32,0.375,-0.7,204.8,41.5,50.8,49.2
2016,CREW,6,0.5,-1.3,198.3,42.3,52,48.1
2016,CREW,45,0.533,4,205.4,40.4,49.4,50.6
2016,CREW,48,0.625,4.1,212.4,41.9,51.9,48.2
2016,CREW,13,0.846,10.3,200.9,39.2,52.6,47.5
2016,CREW,44,0.636,2.9,203.5,38.5,51.1,48.8
2016,CREW,62,0.597,2.8,210.2,40.4,51.4,48.5
2016,CREW,49,0.531,2.1,203.4,41.3,51.4,48.7
2016,CREW,51,0.588,1.8,207.5,44.1,50.3,49.8
2015,MAIN,8,0.75,9.9,193.9,36.5,53.1,46.9
2015,MAIN,49,0.51,2.3,202.4,42.2,49.7,50.2
2015,MAIN,57,0.491,0.4,198,40.4,49.6,50.2
2015,MAIN,3,0.667,11.3,178,39.7,49.5,50.4
2015,MAIN,3,0.667,0.3,204.3,47,48.2,51.8
2015,MAIN,1,1,7,201,41,51.2,48.8
2015,MAIN,59,0.627,3.7,198.9,39.5,51.4,48.7
2015,MAIN,3,0.667,11.7,202.3,44.3,52.7,47.4
2015,MAIN,37,0.649,5.7,197.9,37.5,51.5,48.4
2015,MAIN,1,1,32,208,40,57.5,42.5
2015,MAIN,3,0,-5.3,202,38.7,52.5,47.4
2015,MAIN,6,0.667,4.8,197.8,37.7,53.1,46.9
2015,MAIN,53,0.585,3.5,198.1,39.1,50.5,49.5
2015,MAIN,54,0.611,4.4,205.3,40.1,51,49.1
2015,MAIN,2,1,8.5,200.5,45,44.4,55.6
2015,MAIN,2,0,-7,214,49,51,49
2015,MAIN,3,0.333,-16.7,207.3,40.7,53.2,46.7
2015,MAIN,60,0.617,2.9,205.7,41.8,52.6,47.5
2015,MAIN,57,0.596,0.9,202.5,38.5,50.9,49.2
2015,MAIN,55,0.545,1.4,199.5,38.6,49.5,50.4
2015,MAIN,31,0.548,0.7,204.5,40,50,50
2015,MAIN,3,0.667,-6.7,185.3,39.3,50.9,49.2
2015,MAIN,55,0.455,1.1,199.3,39.4,49.3,50.6
2015,MAIN,2,0.5,6,204,45,57.8,42.2
2015,MAIN,7,0.571,-0.6,199.1,38.6,52.2,47.7
2015,MAIN,13,0.538,3.1,199.7,40,48.3,51.7
2015,MAIN,52,0.462,1,199.4,37.1,51.5,48.5
2015,MAIN,2,0.5,-2,177,36,45.8,54.2
2015,MAIN,2,0.5,5,203,35.5,49.3,50.7
2015,MAIN,4,0.5,1,207,40.3,46.5,53.3
2015,MAIN,25,0.44,0.3,201.6,43,50.2,49.8
2015,MAIN,55,0.582,2.1,197,40.9,50.8,49.3
2015,MAIN,63,0.54,0.9,198.2,40.6,50.9,49.1
2015,MAIN,1,1,7,221,50,50,50
2015,MAIN,8,0.625,1.6,193.4,39.5,52.8,47.2
2015,MAIN,60,0.733,6,195.6,38.4,52,48
2015,MAIN,61,0.59,3.3,199.8,42.1,52.1,47.8
2015,MAIN,1,1,23,173,45,44.4,55.6
2015,MAIN,15,0.8,5.9,211,40,51.5,48.5
2015,MAIN,30,0.7,4.6,193.8,39.9,50,50.1
2015,MAIN,9,0.444,1.3,200.4,43.6,50.2,49.7
2015,MAIN,58,0.552,1.3,201.8,43.1,50.8,49.2
2015,MAIN,63,0.556,0.8,202.3,42.1,50.9,49.1
2015,MAIN,6,0.667,6.8,199.5,37,53.2,46.8
2015,MAIN,4,0.5,1.3,196.3,35.8,47.5,52.4
2015,MAIN,46,0.565,1.6,197.1,43.4,49.5,50.4
2015,CREW,53,0.491,1.1,204.8,41.8,50.3,49.7
2015,CREW,3,0.667,2.7,200,38.3,52.2,47.9
2015,CREW,53,0.491,1.5,196.2,40.3,52.3,47.8
2015,CREW,17,0.706,6.1,200.8,38.9,49.6,50.5
2015,CREW,3,0.667,11.7,207,39.3,41.6,58.5
2015,CREW,64,0.547,4.1,201.3,39.1,50.5,49.5
2015,CREW,4,0.5,-4.3,211.3,42.5,55.3,44.7
2015,CREW,63,0.54,2.5,199.9,39.6,49.2,50.7
2015,CREW,10,0.4,1.5,199.3,38.6,50.8,49.2
2015,CREW,56,0.536,0.7,199.6,40.6,51.3,48.8
2015,CREW,60,0.533,3,201.6,40.1,51.4,48.7
2015,CREW,3,0,-11.3,201.3,40.7,51.6,48.3
2015,CREW,58,0.517,-0.1,199.8,39.7,51.3,48.6
2015,CREW,25,0.64,5.9,199.6,36.4,52.9,47
2015,CREW,51,0.529,1.7,202.4,39.4,52,47.9
2015,CREW,53,0.585,2,197.7,41.7,51.4,48.6
2015,CREW,59,0.458,0,203.7,41.4,50.5,49.5
2015,CREW,8,0.625,-0.4,194.4,38.5,52.9,47.1
2015,CREW,12,0.667,5.8,204.2,37.8,51.1,48.7
2015,CREW,57,0.561,2.5,198.3,40.4,51.6,48.3
2015,CREW,31,0.645,4,193.8,37.8,51.3,48.7
2015,CREW,64,0.547,1,199.2,41.3,49.4,50.6
2015,CREW,56,0.768,5.8,204.3,40,51.3,48.7
2015,CREW,11,0.545,4,195.5,36.8,48.9,51.1
2015,CREW,60,0.6,0.8,195.8,38.3,51.3,48.6
2015,CREW,2,0.5,5,196,42.5,56.5,43.5
2015,CREW,62,0.532,1.6,196.7,39.8,51.3,48.8
2015,CREW,7,0.571,0.3,194,37.4,54.2,45.8
2015,CREW,1,1,5,179,26,38.5,61.5
2015,CREW,35,0.743,5.6,199.9,39.3,50.9,49
2015,CREW,66,0.576,3.2,201.6,40.4,49.7,50.3
2015,CREW,58,0.603,2.8,199.4,39.3,50.7,49.3
2015,CREW,54,0.481,-0.8,202.6,42.4,51,49.1
2015,CREW,64,0.531,0.3,199.8,40,50.3,49.8
2015,CREW,58,0.638,4.5,202,40.5,52.4,47.6
2015,CREW,7,0.714,7.4,194,39.3,48,52
2015,CREW,57,0.596,2.4,198.8,41.9,50.1,49.9
2015,CREW,61,0.623,2.2,200.8,41,51.4,48.5
2015,CREW,2,1,11.5,178.5,37,48.6,51.4
2015,CREW,50,0.54,0.5,203.2,41.7,50.2,49.7
2015,CREW,49,0.612,3,200.3,42.5,51.1,48.9
2015,CREW,51,0.588,4.6,199.9,41.1,51.5,48.5
2015,CREW,57,0.614,2.3,199.1,39.5,49,50.9
2015,CREW,18,0.611,1.2,200.2,40.7,51.6,48.5
2015,CREW,64,0.688,4.3,201.4,39.9,50.6,49.4
2015,CREW,64,0.578,2.9,197.9,40,51.6,48.5
2015,CREW,45,0.644,5.1,200.6,42.2,48.6,51.3
2015,CREW,34,0.5,0.7,202.3,42.9,52.4,47.6
2015,CREW,12,0.5,-0.4,188.8,40,50.6,49.4
2015,CREW,3,0.667,5.7,176.3,41.7,51.2,48.8
2015,CREW,62,0.548,2.4,198.4,39.3,51.5,48.5
2015,CREW,55,0.673,4.4,197.7,40.6,51.8,48.3
2015,CREW,1,0,-12,206,40,50,50
2014,MAIN,45,0.644,4.8,207.5,40.2,49.9,50.2
2014,MAIN,1,1,2,196,43,58.1,41.9
2014,MAIN,62,0.532,0.2,202.4,44.8,50,49.9
2014,MAIN,58,0.552,3.3,207,44.3,51.6,48.4
2014,MAIN,64,0.672,3.7,198.6,40.1,49.6,50.5
2014,MAIN,4,0.5,5.8,193.8,42,52.4,47.6
2014,MAIN,30,0.5,-0.2,202.4,39.1,49.2,50.7
2014,MAIN,1,1,2,192,47,51.1,48.9
2014,MAIN,2,0,-8.5,194.5,43,47.7,52.3
2014,MAIN,29,0.621,3,202.5,41.8,49.6,50.4
2014,MAIN,6,0.333,-6,214.7,42.7,50.7,49.2
2014,MAIN,64,0.609,5,204.4,40.4,51.8,48.1
2014,MAIN,1,0,-1,181,41,53.7,46.3
2014,MAIN,1,0,-3,199,52,46.2,53.8
2014,MAIN,60,0.65,2,200.9,41.5,51.8,48.1
2014,MAIN,63,0.556,1.5,200.6,40.2,50.5,49.4
2014,MAIN,64,0.484,1.1,200.7,40.1,50.7,49.4
2014,MAIN,11,0.818,9.3,206,39.6,53.7,46.4
2014,MAIN,1,0,-10,196,44,56.8,43.2
2014,MAIN,3,0.667,2,208.7,46,50.7,49.3
2014,MAIN,58,0.534,2.2,197,39.4,49.9,50.2
2014,MAIN,2,0,-18,221,54,45.4,54.6
2014,MAIN,1,0,-9,173,33,42.4,57.6
2014,MAIN,2,0.5,2,196,35.5,56.3,43.7
2014,MAIN,60,0.533,1.5,202.4,41.2,49.2,50.9
2014,MAIN,1,1,9,195,47,48.9,51.1
2014,MAIN,3,1,10.3,204.3,38,54.4,45.6
2014,MAIN,2,1,8.5,226.5,44.5,49.4,50.6
2014,MAIN,21,0.524,1.4,209,44.8,52.9,47
2014,MAIN,63,0.603,4.8,201.9,40.7,50.3,49.8
2014,MAIN,63,0.571,2.2,204,42.5,49.8,50.2
2014,MAIN,2,0.5,3,222,43.5,51.7,48.3
2014,MAIN,60,0.717,5.8,198,40.7,51.9,48.1
2014,MAIN,60,0.617,3.6,197.2,37.5,52.4,47.7
2014,MAIN,65,0.462,0,203,42.7,50.9,49
2014,MAIN,2,1,6.5,196.5,43,48.8,51.2
2014,MAIN,23,0.652,4.7,198.2,40.4,51.1,49
2014,MAIN,3,0.667,5,193,38.7,47.4,52.5
2014,MAIN,60,0.55,2.5,202.7,42.8,50.5,49.6
2014,MAIN,62,0.581,1.3,203.5,42.5,51.3,48.7
2014,MAIN,44,0.636,2.8,202.6,42.8,50.6,49.4
2014,CREW,44,0.614,3.2,200.3,40.3,47.8,52.2
2014,CREW,36,0.583,1.9,202.9,42.8,49.8,50.2
2014,CREW,4,0.75,6.3,196.8,40.8,53.3,46.6
2014,CREW,2,0,-4.5,204.5,38.5,53.2,46.8
2014,CREW,3,0.333,-4.3,214.3,46.3,55.4,44.6
2014,CREW,54,0.574,2.7,203,39.9,50.4,49.8
2014,CREW,65,0.6,1.8,202.4,39.8,51.4,48.6
2014,CREW,66,0.621,3.3,200,41.2,50.4,49.5
2014,CREW,58,0.569,2.5,198,39.7,49.8,50.2
2014,CREW,1,0,-3,199,52,46.2,53.8
2014,CREW,64,0.547,2.9,203.9,41,50.6,49.4
2014,CREW,29,0.621,3.6,202.9,41.1,53.2,46.9
2014,CREW,12,0.5,1.8,200.9,39.2,50.6,49.3
2014,CREW,49,0.612,2.9,203.6,41.1,49.1,50.8
2014,CREW,1,1,9,195,51,39.2,60.8
2014,CREW,66,0.545,1.9,204.9,40.7,51.4,48.6
2014,CREW,1,0,-10,196,44,56.8,43.2
2014,CREW,44,0.614,4.3,198.5,40.2,51.7,48.3
2014,CREW,2,0,-9,201,40,51.3,48.8
2014,CREW,16,0.563,3.8,195.8,40.9,51,49.1
2014,CREW,56,0.464,0.4,199.6,40.7,50.7,49.3
2014,CREW,58,0.586,1.9,199.1,40.2,51.6,48.5
2014,CREW,65,0.554,1.9,204,42.1,51.2,48.8
2014,CREW,67,0.567,3.6,202.4,42.1,50,50
2014,CREW,57,0.526,2.1,199.1,41.5,50.5,49.4
2014,CREW,50,0.7,4.6,202.8,41.9,49.3,50.7
2014,CREW,1,0,-2,198,48,52.1,47.9
2014,CREW,55,0.582,3.7,201.3,41,52.3,47.7
2014,CREW,58,0.638,2.6,198.8,41.3,50.7,49.3
2014,CREW,65,0.446,0.5,202.5,42.4,50,50.1
2014,CREW,16,0.625,0.5,201.1,44.8,49.7,50.4
2014,CREW,68,0.632,3.8,198.9,41.4,50.3,49.8
2014,CREW,55,0.491,0.7,200.2,41.4,51.6,48.5
2014,CREW,5,0.4,-2,218,42.4,48.6,51.4
2014,CREW,52,0.596,3.1,204.8,41.4,51.4,48.6
2014,CREW,68,0.485,1.3,199.8,39.7,51.8,48.2
2014,CREW,5,1,7.4,192.6,44.2,51.1,48.9
2014,CREW,61,0.59,3.2,201.8,40.2,51.1,48.9
2014,CREW,64,0.688,5.3,202.1,41.6,51.5,48.5
2014,CREW,53,0.509,1.8,200.8,41.9,51.2,48.9
2014,CREW,6,0.5,0.5,208.2,44.3,54.6,45.5
2014,CREW,59,0.627,3.1,204.5,42.2,50.4,49.5
2014,CREW,64,0.656,4.6,201.6,42.2,51.1,48.9
2014,CREW,60,0.633,4.1,205.8,42.2,51.7,48.4
2014,CREW,43,0.512,2.3,202.3,43.4,50.3,49.8
2014,CREW,56,0.571,1.6,200.3,43.1,50.3,49.6
2014,CREW,50,0.48,-0.5,200.9,40.9,50.2,49.8
2014,CREW,61,0.623,2.1,202,41.6,50.9,49
2014,CREW,6,0.5,1.3,198.7,43.8,47.6,52.5
2014,CREW,2,0,-17.5,212.5,36,52.8,47.2
2014,CREW,51,0.588,2,199,41.6,51.6,48.5
2014,CREW,62,0.613,2,203.9,42.2,51.6,48.5
2014,CREW,40,0.75,6.6,205.2,38.8,51.5,48.6
2014,CREW,60,0.733,6.4,204,41.7,49.6,50.5
2014,CREW,45,0.556,2.4,204.2,40.6,51.4,48.6
2014,CREW,6,0.667,-1.3,214.3,46.2,50.1,49.8
2014,CREW,63,0.635,1.5,204.8,42.4,50.7,49.4
2014,CREW,52,0.481,1.8,204,42.5,49.7,50.3
2013,MAIN,11,0.455,4.2,204.2,43.3,49.3,50.6
2013,MAIN,61,0.639,5.3,199,40.2,48.7,51.3
2013,MAIN,37,0.595,0.3,201.3,37.4,51.6,48.5
2013,MAIN,1,0,-11,193,34,50,50
2013,MAIN,1,1,18,162,30,46.7,53.3
2013,MAIN,67,0.582,3.2,196.9,39.1,50.3,49.7
2013,MAIN,4,0.75,3.8,188.8,39.8,48.4,51.5
2013,MAIN,30,0.8,7.6,196.2,38.2,52.1,47.8
2013,MAIN,5,0.8,3.4,188.6,37,48.6,51.4
2013,MAIN,60,0.6,2.6,195.3,39.5,50.8,49.1
2013,MAIN,5,0.4,0.6,203.4,43.2,50.9,49.1
2013,MAIN,63,0.571,1.7,199.7,40.6,50,50
2013,MAIN,1,1,31,223,38,47.4,52.6
2013,MAIN,4,0.25,-1.8,187.3,40.8,53.3,46.6
2013,MAIN,61,0.689,3.9,193.2,40.2,51,49
2013,MAIN,1,0,-6,206,41,53.7,46.3
2013,MAIN,53,0.566,2.3,195.1,39.7,51.1,49
2013,MAIN,61,0.557,0.4,192.3,40.3,50.6,49.3
2013,MAIN,4,1,12.8,190.3,42,44,56
2013,MAIN,4,0.25,-9,182,38.8,51.5,48.3
2013,MAIN,60,0.667,4.9,195.9,37.2,50.2,49.8
2013,MAIN,1,0,-2,192,32,62.5,37.5
2013,MAIN,1,1,4,224,42,57.1,42.9
2013,MAIN,3,0.667,-0.7,196.7,46.3,50.4,49.7
2013,MAIN,64,0.625,4.3,197.5,38.8,50.1,49.8
2013,MAIN,2,1,7,205,46,53.3,46.7
2013,MAIN,2,0.5,5.5,183.5,34.5,37.7,62.3
2013,MAIN,3,0.667,10.3,205.7,38,51.8,48.2
2013,MAIN,25,0.52,0.5,192.1,39.8,51.8,48.1
2013,MAIN,61,0.574,0.4,193.5,39.9,52,47.9
2013,MAIN,64,0.672,2.2,194.4,41.1,50.5,49.4
2013,MAIN,1,0,-6,202,28,64.3,35.7
2013,MAIN,2,1,13.5,211.5,40,48.8,51.3
2013,MAIN,53,0.623,3.5,194.9,39.3,52.3,47.7
2013,MAIN,64,0.719,6.2,198.1,37.6,51.4,48.7
2013,MAIN,67,0.522,0.6,199.7,43,50.9,49.1
2013,MAIN,1,1,12,186,40,42.5,57.5
2013,MAIN,3,0.333,-4.3,198.3,45.3,46.4,53.7
2013,MAIN,66,0.652,5.5,193.7,39.9,51.1,48.8
2013,MAIN,59,0.576,3.9,199.3,37.8,50.5,49.5
2013,MAIN,2,0,-4.5,206.5,45,51.1,48.9
2013,MAIN,28,0.571,4.9,197.7,42.1,52.5,47.5
2013,CREW,8,0.5,0.5,191.3,41,48.5,51.5
2013,CREW,57,0.649,2.8,198.9,39.4,50.8,49.1
2013,CREW,6,0.833,6,195.7,38.8,49.4,50.7
2013,CREW,2,0.5,11,186,32.5,53.8,46.2
2013,CREW,4,0.25,-1.3,200.3,38.5,42.9,57.1
2013,CREW,50,0.5,-1.6,197.1,39.9,50.9,49.2
2013,CREW,67,0.448,0,192.8,40.3,50.8,49.3
2013,CREW,66,0.621,2.4,196.8,37.9,50.8,49.2
2013,CREW,56,0.554,2.8,200,40.4,51.8,48.2
2013,CREW,3,0.667,2,194,40.7,47.5,52.4
2013,CREW,59,0.61,1.9,200.3,39.8,50.2,49.8
2013,CREW,33,0.667,5,196.4,37.2,52.5,47.6
2013,CREW,50,0.64,4.4,195.8,39,50.1,50
2013,CREW,64,0.594,3.9,195.2,39.5,49.6,50.4
2013,CREW,10,0.6,2.1,193.3,38.4,50.8,49.2
2013,CREW,50,0.6,4,192,38.9,50.8,49.3
2013,CREW,5,0.4,-1.4,204.2,42.2,50.2,49.8
2013,CREW,21,0.619,-0.3,202.2,40,51.5,48.5
2013,CREW,53,0.566,1.8,196.4,38,50.7,49.2
2013,CREW,57,0.614,3.4,191.2,38.9,51.2,48.8
2013,CREW,70,0.643,4.5,200.9,41,51.2,48.9
2013,CREW,64,0.594,2.2,194.4,40.6,52.6,47.5
2013,CREW,53,0.66,5.1,193.1,37.5,50.8,49.1
2013,CREW,54,0.648,3.3,196.1,38.2,51.1,48.9
2013,CREW,1,1,1,201,29,48.3,51.7
2013,CREW,50,0.54,1.9,191.6,40.7,52.3,47.7
2013,CREW,12,0.583,5.2,193.8,39.7,52.7,47.2
2013,CREW,1,0,-3,175,46,50,50
2013,CREW,68,0.603,3.5,196.5,41,49.6,50.4
2013,CREW,55,0.618,3.3,197.2,41.2,49.7,50.2
2013,CREW,64,0.703,6,196.9,40.3,51.3,48.8
2013,CREW,50,0.7,5.6,194.3,40.5,50.8,49.1
2013,CREW,3,0.333,5.3,192,39.3,48.3,51.7
2013,CREW,54,0.611,2.4,196.5,41.6,52.2,47.9
2013,CREW,56,0.589,2.1,195.9,39.3,50.1,49.8
2013,CREW,50,0.7,3.8,200.7,38.9,52.1,47.9
2013,CREW,3,0.333,-11.3,200,40,49.2,50.8
2013,CREW,67,0.582,3.6,200,39.2,51.2,48.9
2013,CREW,56,0.571,1.2,195.3,39.4,49.7,50.2
2013,CREW,49,0.592,3,198.6,40.4,51,48.9
2013,CREW,3,0.667,-2.3,207.7,42.7,57.8,42.2
2013,CREW,61,0.656,2.6,198.4,40,50,50.1
2013,CREW,62,0.597,3,195.8,39.3,50,50
2013,CREW,46,0.63,4.3,192.5,40,49.6,50.4
2013,CREW,38,0.684,5.7,194.4,39.4,50.8,49.4
2013,CREW,1,1,5,181,48,52.1,47.9
2013,CREW,52,0.654,6.2,197.8,38.5,49.6,50.5
2013,CREW,52,0.558,3.7,193.8,38.8,49.7,50.4
2013,CREW,62,0.613,3.2,194.4,39.8,51.1,48.8
2013,CREW,13,0.615,4.8,196.4,42.4,53.2,46.8
2013,CREW,8,0.375,3,194.5,43.5,46.6,53.4
2013,CREW,2,1,20.5,201.5,39.5,48.1,51.9
2013,CREW,54,0.648,6.1,195.8,40,50.7,49.4
2013,CREW,58,0.603,3.5,190.3,39.3,51.1,48.9
2013,CREW,59,0.593,1.1,192.4,38.4,52.9,47
2013,CREW,59,0.627,3.8,198.3,39.7,50.9,49.2
2013,CREW,3,1,7.7,173.7,33.7,57.4,42.5
2012,MAIN,49,0.592,2.3,193,37.6,49.2,50.9
2012,MAIN,46,0.587,5.2,192.4,39.6,51,49
2012,MAIN,50,0.58,2,195.4,39.9,50.9,49
2012,MAIN,10,0.5,5.1,190.9,40.6,52,48
2012,MAIN,4,0.5,4.8,178.3,40.8,44.1,55.8
2012,MAIN,48,0.667,4.8,192.9,38.4,51.5,48.4
2012,MAIN,25,0.48,0.8,193,41.3,49.9,50.1
2012,MAIN,52,0.673,6.4,196.2,38.4,51.2,48.9
2012,MAIN,41,0.561,-0.3,191.4,41.7,53.1,47
2012,MAIN,1,1,12,196,45,51.1,48.9
2012,MAIN,8,0.5,-1.5,206.3,39,56.1,43.9
2012,MAIN,51,0.49,-0.9,193.6,38.6,50.7,49.4
2012,MAIN,46,0.565,2.2,189.8,37.9,49.7,50.3
2012,MAIN,50,0.5,-1.4,186.2,39.5,49.5,50.6
2012,MAIN,47,0.489,-1.2,192.7,39.5,50.8,49.2
2012,MAIN,2,0.5,13.5,164.5,37,44.6,55.4
2012,MAIN,1,0,-11,209,42,47.6,52.4
2012,MAIN,47,0.553,4.8,190,38,52.1,47.9
2012,MAIN,2,0,-15.5,177.5,31.5,52.4,47.6
2012,MAIN,2,1,23.5,201.5,30,48.3,51.7
2012,MAIN,22,0.5,2.7,190.2,41.9,50.8,49.1
2012,MAIN,50,0.52,1.7,188.4,37.4,51.1,49
2012,MAIN,47,0.532,0.3,194.3,38.7,51.1,48.8
2012,MAIN,53,0.679,5,193.1,39.8,51.3,48.7
2012,MAIN,1,1,7,181,37,43.2,56.8
2012,MAIN,1,1,31,209,31,51.6,48.4
2012,MAIN,13,0.923,8.2,194.7,41.2,49.7,50.4
2012,MAIN,53,0.66,5.1,193.7,37.7,52.2,47.9
2012,MAIN,49,0.592,4.2,193.7,39.2,50.2,49.8
2012,MAIN,1,1,17,161,33,42.4,57.6
2012,MAIN,1,1,5,163,45,55.6,44.4
2012,MAIN,52,0.654,3.7,198.4,40.7,53.1,46.9
2012,MAIN,44,0.591,4.1,188.7,39,53,47
2012,MAIN,20,0.7,3.1,197.6,40.1,49.8,50.1
2012,CREW,9,0.333,-8.6,193.9,40.8,53.9,46
2012,CREW,51,0.51,1.4,192.1,37.9,52,48.1
2012,CREW,2,0.5,-4.5,178.5,33.5,47.8,52.2
2012,CREW,1,1,13,163,39,43.6,56.4
2012,CREW,41,0.659,5.2,185.7,38.2,50.4,49.7
2012,CREW,48,0.542,2.1,192.7,40.5,52.1,47.8
2012,CREW,50,0.64,4.9,187.9,38,52.1,47.8
2012,CREW,46,0.522,0.8,189.3,38.9,50.2,49.8
2012,CREW,2,0.5,-5,190,40,51.3,48.8
2012,CREW,26,0.462,-0.1,190,37.3,48.8,51.4
2012,CREW,42,0.548,3.5,189.3,36.4,53.3,46.8
2012,CREW,45,0.422,0.9,198.2,40,52.6,47.6
2012,CREW,48,0.708,3.9,195.5,40,51.9,48.2
2012,CREW,3,0.667,3,173.7,39.3,59.4,40.7
2012,CREW,45,0.533,2.1,186,37.9,49.7,50.4
2012,CREW,50,0.74,5.5,192.4,39.2,52,47.9
2012,CREW,54,0.593,5.4,195.9,39.6,51.3,48.6
2012,CREW,23,0.652,5.1,192.2,40.3,51.7,48.2
2012,CREW,44,0.545,1.7,192.4,37.2,49.2,50.8
2012,CREW,43,0.605,3.6,196.8,38.8,50.4,49.6
2012,CREW,44,0.523,1.6,193.9,38.1,49.7,50.2
2012,CREW,46,0.587,1.8,191.1,41.2,52.9,47
2012,CREW,53,0.509,0,194.7,40.2,50.2,49.7
2012,CREW,48,0.667,6.2,191,40.5,51.1,49
2012,CREW,53,0.679,4.8,194.9,40,50.7,49.3
2012,CREW,44,0.568,2.9,192.3,39.9,50.9,49.2
2012,CREW,1,1,17,195,41,56.1,43.9
2012,CREW,45,0.6,2.8,196.5,39.5,51.7,48.2
2012,CREW,44,0.545,1.3,188.8,38.8,50.9,49.1
2012,CREW,28,0.5,-0.6,201.4,43.5,52.2,47.9
2012,CREW,51,0.471,-1.4,193.5,40.2,50.7,49.4
2012,CREW,50,0.5,2.5,188.9,39.9,52.1,48
2012,CREW,45,0.556,0.4,195.2,38.3,50.1,49.8
2012,CREW,51,0.627,2.1,196.3,39.6,50.8,49.3
2012,CREW,2,1,14.5,178.5,39,47.4,52.6
2012,CREW,49,0.653,3,191.2,37.3,49.8,50.1
2012,CREW,50,0.54,2.6,188.4,38.7,50.2,49.8
2012,CREW,9,0.778,5.1,194.7,41.9,52.8,47.2
2012,CREW,31,0.613,4.6,193.9,37.6,51.7,48.3
2012,CREW,44,0.591,4.5,193.4,40.8,50.7,49.2
2012,CREW,45,0.6,3.9,192.3,38.1,50.3,49.7
2012,CREW,51,0.706,4.7,191.6,40.5,51.2,48.9
2012,CREW,40,0.55,3.3,192.7,38.7,50.7,49.4
2012,CREW,9,0.444,0.6,189.4,36.7,47.8,52.1
2012,CREW,1,0,-11,209,42,47.6,52.4
2012,CREW,42,0.619,3.2,191,38.2,49.4,50.6
2012,CREW,41,0.659,3.9,195,38.3,52.3,47.8
2012,CREW,53,0.642,3.9,195.9,40.5,50.5,49.5
2012,CREW,8,0.875,7.6,198.6,41.6,52,48.1
2012,CREW,8,0.75,9.1,189.6,40.1,54.2,45.8
2012,CREW,43,0.581,1.2,190.7,38.9,52.5,47.4
2012,CREW,9,0.444,3,177.9,37.8,52.3,47.6
2012,CREW,50,0.58,2.1,191.8,37.2,51.9,48.2
2012,CREW,43,0.674,7.8,196.6,38.6,51.4,48.6
2012,CREW,41,0.463,-0.5,191.7,38.3,50.1,49.9
2012,CREW,35,0.6,1.7,193.5,40.3,50.7,49.3
2011,MAIN,70,0.671,5.9,201.9,42,50.6,49.3
2011,MAIN,62,0.565,2.3,198.3,40.1,51.4,48.6
2011,MAIN,64,0.609,2.8,196.4,40.8,51.3,48.7
2011,MAIN,69,0.725,5.1,196.9,39.8,50.8,49.3
2011,MAIN,5,0.6,4.4,187.2,41.4,51.2,48.8
2011,MAIN,19,0.579,1.7,202,41.4,48.9,51.1
2011,MAIN,65,0.523,1.2,199.5,43.9,51.2,48.7
2011,MAIN,64,0.609,3.1,203,44.2,51,49
2011,MAIN,72,0.569,3.1,198.5,41.2,50.4,49.6
2011,MAIN,1,0,-4,186,44,61.4,38.6
2011,MAIN,62,0.694,5,203,42,51,49
2011,MAIN,40,0.65,5.5,203.2,42.6,51.3,48.6
2011,MAIN,27,0.593,2.1,201.7,41.7,52,48.1
2011,MAIN,62,0.532,0.4,200.3,40.3,50.9,49
2011,MAIN,64,0.594,4.1,195.3,40.7,52.5,47.4
2011,MAIN,2,1,10,179,36.5,53.4,46.6
2011,MAIN,1,1,6,208,42,54.8,45.2
2011,MAIN,69,0.58,1.6,198.8,42,50.2,49.8
2011,MAIN,14,0.714,1.9,196.1,44.3,52.9,47.1
2011,MAIN,63,0.619,3.9,197.5,41.6,50.7,49.1
2011,MAIN,66,0.545,1,199.5,40.4,50.3,49.7
2011,MAIN,1,1,8,222,46,52.2,47.8
2011,MAIN,70,0.471,1.6,196.2,38.8,52.1,48
2011,MAIN,69,0.594,3.5,200.4,44,50.4,49.5
2011,MAIN,49,0.612,4.4,192.3,38.5,51,49
2011,MAIN,14,0.786,6.1,202.1,41.6,50.8,49.1
2011,MAIN,9,0.778,5.8,194.2,42.9,54.1,45.8
2011,MAIN,7,0.714,5.4,207.4,43,47.5,52.5
2011,CREW,67,0.612,5,200.3,42.6,50.8,49.3
2011,CREW,56,0.607,3.3,202.8,40,50.7,49.4
2011,CREW,57,0.649,3.4,197,42.6,50,50.1
2011,CREW,68,0.676,4,201,42.7,52.3,47.7
2011,CREW,57,0.614,3.5,202.7,42.5,51.4,48.8
2011,CREW,61,0.607,4.4,194.2,39.8,49.9,50.1
2011,CREW,47,0.638,3.6,200,41.7,51.8,48.1
2011,CREW,59,0.508,-0.2,200.1,42.8,50.4,49.6
2011,CREW,63,0.587,3,200.9,42.2,51.5,48.6
2011,CREW,3,0.667,8.3,200.3,40.7,46.7,53.2
2011,CREW,53,0.698,5.8,201.2,42.9,50.4,49.6
2011,CREW,59,0.61,4.7,196.7,39,51.8,48.2
2011,CREW,65,0.538,2.2,197.2,42.1,50.5,49.6
2011,CREW,64,0.641,5.6,197,41.7,51.9,48
2011,CREW,1,1,20,198,46,45.7,54.3
2011,CREW,58,0.466,-0.5,196.9,41,51,49.1
2011,CREW,8,1,15.9,202.4,43.1,48.4,51.6
2011,CREW,59,0.627,3.3,202.4,42,51.5,48.5
2011,CREW,41,0.61,3.9,196.9,40.4,52,47.9
2011,CREW,68,0.676,3.9,199.6,40.9,52,48
2011,CREW,58,0.621,2.6,199.8,41,50.8,49.2
2011,CREW,63,0.635,3.9,198.4,42.2,50.7,49.2
2011,CREW,9,0.444,5.4,197.7,40.2,54.4,45.6
2011,CREW,57,0.596,3.1,199,40.7,51.2,48.9
2011,CREW,61,0.639,3.9,199.5,40.7,51.9,48
2011,CREW,8,0.75,8.3,192,38.1,53.8,46.3
2011,CREW,71,0.521,1.4,196.4,41.8,51.5,48.6
2011,CREW,66,0.47,1.7,197.8,41.1,51.6,48.4
2011,CREW,63,0.571,1.8,198,41.2,51.4,48.6
2011,CREW,61,0.754,5.5,203,39.9,51.3,48.8
2011,CREW,61,0.656,4.6,198.6,40.4,52,47.9
2011,CREW,70,0.571,1.9,196.8,42.4,50.4,49.7
2011,CREW,50,0.7,4.7,200.4,41.8,50.3,49.8
2011,CREW,61,0.59,2.1,198.1,42.3,50.2,49.7
2011,CREW,64,0.609,3.2,197.8,40.5,50.5,49.5
2011,CREW,68,0.632,3.2,204.8,39.9,50.9,49.1
2011,CREW,71,0.592,1.2,198.6,41.1,50.6,49.3
2011,CREW,8,0.5,-1.5,212,44.1,48.5,51.6
2011,CREW,7,0.857,10,202.6,44.3,50.3,49.7
2011,CREW,59,0.61,2.8,195.2,40.5,51.6,48.3
2011,CREW,66,0.636,3.4,201.3,42.2,49.5,50.5
2011,CREW,52,0.481,1.8,196.5,40.3,52.4,47.6
2011,CREW,43,0.628,4,200.7,40.9,52.7,47.4
2011,CREW,56,0.554,3.2,199.3,41.8,50.8,49.1
2011,CREW,65,0.554,1.8,197.9,39.6,50.9,49
2011,CREW,8,0.5,0,214.5,47.1,49.6,50.4
2011,CREW,58,0.569,3.2,199.8,43.9,50.4,49.6
2011,CREW,59,0.559,1.4,196.5,42.2,49.7,50.2
2010,MAIN,44,0.523,1.1,199.5,41.6,49.5,50.4
2010,MAIN,59,0.644,2.8,207.5,41.1,52.5,47.5
2010,MAIN,59,0.61,4,199.1,42.4,50.7,49.2
2010,MAIN,70,0.571,1.7,201.1,42.1,50.7,49.3
2010,MAIN,9,0.444,-0.8,191.9,38.9,52,48
2010,MAIN,1,1,9,175,44,47.7,52.3
2010,MAIN,63,0.635,4.5,201.8,42.2,51,48.9
2010,MAIN,61,0.557,1,197.3,40.9,50.1,49.9
2010,MAIN,22,0.591,4.4,200.5,41,50.2,49.9
2010,MAIN,61,0.59,2.6,201.4,42.6,51.5,48.5
2010,MAIN,61,0.59,2.7,201.9,41.7,50.4,49.6
2010,MAIN,11,0.545,-0.5,201.3,42.5,51.1,49
2010,MAIN,2,0,-5.5,185.5,41.5,48.2,51.8
2010,MAIN,61,0.525,0.7,200.1,41.8,49.6,50.3
2010,MAIN,60,0.633,4.3,201.8,40.4,51.7,48.1
2010,MAIN,61,0.557,0.3,199.7,39.6,52.2,47.7
2010,MAIN,29,0.552,2.8,205.9,41.8,51.5,48.6
2010,MAIN,55,0.582,2.3,193.1,40.3,50.4,49.5
2010,MAIN,4,0,-9.8,197.8,41.5,54.2,45.8
2010,MAIN,66,0.667,5.8,201.2,39.9,50.7,49.2
2010,MAIN,66,0.636,4.1,202.7,43.7,50,50
2010,MAIN,68,0.632,4.1,199.8,41.6,51.6,48.4
2010,MAIN,69,0.58,2.9,200.3,43.8,51.4,48.6
2010,MAIN,8,0.75,4.9,210.1,43.3,49.9,49.9
2010,MAIN,14,0.643,5,202.6,41.4,54.7,45.2
2010,MAIN,63,0.571,1.5,202.1,42.7,51.5,48.4
2010,MAIN,16,0.5,0,196,41.6,53.2,46.9
2010,CREW,66,0.515,-0.1,198.5,41.8,50.9,49
2010,CREW,28,0.679,6.3,199.5,42.4,51,49
2010,CREW,6,1,8,196.7,40.2,52.2,47.7
2010,CREW,59,0.661,4.7,197.6,41.2,51.8,48.1
2010,CREW,63,0.619,3.8,204.3,40.7,51.8,48.1
2010,CREW,55,0.582,1.5,198.3,42.5,51.4,48.7
2010,CREW,63,0.54,1,198.2,40.2,51,48.9
2010,CREW,38,0.632,3.8,199.8,40.6,52.2,47.8
2010,CREW,63,0.619,4,202,43.6,51.2,48.7
2010,CREW,68,0.574,3.3,197.5,41.2,50,50
2010,CREW,49,0.633,4.1,201,39.5,51,48.9
2010,CREW,64,0.656,4.3,198.8,42.4,51.2,48.9
2010,CREW,64,0.547,0.8,198.1,40,51.2,48.8
2010,CREW,73,0.507,1.1,201.1,43,50.1,49.9
2010,CREW,71,0.549,2.4,197.2,41.5,51,49
2010,CREW,60,0.633,2.6,200.7,40,51.1,48.8
2010,CREW,6,0.833,6.3,211,47.7,54.2,45.8
2010,CREW,56,0.679,2.1,206.6,41.6,51.9,48
2010,CREW,6,0.667,5.7,203,43.2,48.2,51.7
2010,CREW,67,0.627,5.1,205,42.1,50.5,49.6
2010,CREW,37,0.703,4.1,197.3,41.4,52.7,47.4
2010,CREW,71,0.577,2.6,200.1,40.6,50.8,49.2
2010,CREW,6,0.667,2.7,196,46.5,50.9,49.1
2010,CREW,54,0.519,0.2,202,41.5,50.6,49.5
2010,CREW,6,0.667,2.5,199.8,39.7,53.3,46.6
2010,CREW,66,0.591,2.4,205.5,41.2,50.9,49.2
2010,CREW,67,0.642,3.7,205.6,43,52.2,47.7
2010,CREW,67,0.597,3.2,204.1,42.6,51.4,48.5
2010,CREW,50,0.52,0.5,199.6,41,50.2,49.9
2010,CREW,39,0.641,2.9,193.3,42.9,48.7,51.4
2010,CREW,63,0.54,-0.9,200.1,41,50.7,49.4
2010,CREW,63,0.635,3.3,202.7,40.9,50.3,49.8
2010,CREW,71,0.535,2.5,199.6,42.1,51.7,48.3
2010,CREW,63,0.651,4.5,200.7,42.9,50.9,49.1
2010,CREW,1,1,9,221,43,46.5,53.5
2010,CREW,6,0.667,-0.2,205.5,46.8,51.3,48.8
2010,CREW,60,0.6,4.5,202.3,41.7,49.8,50
2010,CREW,70,0.6,3,202.7,42,50.9,49.1
2010,CREW,60,0.5,1.9,201.8,42.3,50.8,49.3
2010,CREW,64,0.641,4.5,203.3,42.5,50.3,49.7
2010,CREW,6,0.5,-0.2,206.8,43.3,48.5,51.6
2010,CREW,51,0.608,2,196.8,40.9,51.6,48.5
2010,CREW,55,0.727,4.7,201.9,43.4,53.1,46.9
2010,CREW,60,0.6,2.4,199,42.1,50.6,49.3
2010,CREW,68,0.529,3.8,202.7,41.1,50.9,49.2
2010,CREW,52,0.481,-1.6,201,41,50.7,49.3
2010,CREW,67,0.612,2.8,198.2,40.7,49.6,50.4
2010,CREW,7,0.714,7.3,197.6,42.3,49,51
2010,CREW,68,0.544,2.3,202.3,43,50.4,49.5
2009,CREW,58,0.638,3.2,196.4,41.8,51,49.1
2009,MAIN,2,1,15.5,190.5,37.5,52,48
2009,CREW,61,0.541,0.4,198.4,42.3,50.6,49.5
2009,MAIN,7,0.857,15.6,198.1,40.3,49.6,50.3
2009,MAIN,41,0.488,-0.8,196.7,42.8,50.7,49.2
2009,MAIN,55,0.6,2.8,200.3,43,50.3,49.7
2009,CREW,50,0.58,2.5,200.1,41.9,49.7,50.3
2009,CREW,70,0.557,1.1,202.4,42.1,52.6,47.5
2009,CREW,47,0.447,-1.7,199.2,40.7,51.1,48.8
2009,MAIN,68,0.588,3,200.4,41.2,50,50
2009,CREW,59,0.593,2.3,195.3,38.4,49.5,50.5
2009,CREW,59,0.695,5.1,200.9,40.4,51.7,48.4
2009,MAIN,7,0.857,4.3,213.4,43.9,52.4,47.5
2009,CREW,57,0.561,2.7,200.5,44.2,50.6,49.4
2009,CREW,56,0.696,4.8,196.2,41.1,51.6,48.3
2009,CREW,25,0.6,1.7,189.3,43.9,51.8,48.3
2009,MAIN,35,0.543,2.2,198.9,43,50.6,49.3
2009,MAIN,67,0.642,3.6,202.8,43,50.7,49.3
2009,CREW,71,0.662,4.6,202.5,43.2,50.2,49.7
2009,MAIN,64,0.578,3.8,197.4,41.4,51.9,48.1
2009,CREW,52,0.712,5.4,199.5,44.1,50.7,49.4
2009,CREW,46,0.478,0.7,201.5,41.3,50.4,49.6
2009,CREW,60,0.6,3.9,200.6,43.1,51,48.8
2009,CREW,69,0.638,4.1,198.5,39.2,51.9,48.2
2009,MAIN,60,0.733,6.1,200.3,41.2,51.7,48.4
2009,CREW,46,0.609,1.6,195.7,42.8,51.3,48.7
2009,MAIN,1,0,-15,169,36,55.6,44.4
2009,CREW,41,0.732,5.7,202.8,41.2,52.4,47.7
2009,CREW,62,0.694,5,195.1,41.5,51.1,48.9
2009,MAIN,4,0.5,4.8,204.8,43.3,50.8,49.1
2009,CREW,67,0.687,4.2,199.1,42.6,51.5,48.4
2009,MAIN,2,0.5,-5,208,38,46.1,53.9
2009,CREW,57,0.649,4.2,200.4,43.1,52.1,47.8
2009,MAIN,65,0.662,4.4,204.6,44.2,51.2,48.7
2009,MAIN,63,0.524,0.6,198.4,42.3,51.4,48.7
2009,CREW,39,0.487,2.1,201.6,43.1,49.1,50.9
2009,MAIN,21,0.571,2.1,193.3,41.6,51.2,48.9
2009,CREW,57,0.579,3.3,200.2,43.2,51.9,48.2
2009,MAIN,59,0.712,5.3,195.9,39,51.6,48.5
2009,CREW,59,0.576,2.8,195.3,40.9,50.7,49.4
2009,MAIN,2,0.5,-2,192,47.5,46.3,53.7
2009,CREW,62,0.532,2.6,205.6,43.8,50.7,49.2
2009,MAIN,2,1,7.5,189.5,46,51.1,48.9
2009,CREW,56,0.571,2.9,197.2,41.5,50.3,49.7
2009,CREW,53,0.491,3.2,204.2,43.7,50.4,49.6
2009,MAIN,1,1,2,184,36,52.8,47.2
2009,CREW,64,0.609,3.3,195.8,42,50.6,49.4
2009,CREW,64,0.719,4.8,199.5,41.4,51.7,48.3
2009,CREW,52,0.654,4.2,200,40.3,51.1,49
2009,MAIN,66,0.591,2.8,201.4,40.5,49.5,50.6
2009,CREW,60,0.667,5.6,202.2,43.2,51.1,48.9
2009,CREW,36,0.472,-1.4,203.5,43.3,50.8,49.3
2009,MAIN,54,0.574,2.4,200,41.9,50.8,49.2
2009,MAIN,66,0.591,2.9,201,44.1,49.9,50.2
2009,CREW,65,0.646,3.8,204.2,39.7,50.3,49.7
2009,CREW,56,0.661,4,199.1,41.4,51.3,48.7
2009,CREW,57,0.649,4.3,202.5,42.3,51.8,48.1
2009,CREW,65,0.631,3.9,198.8,43.4,51.2,48.8
2009,MAIN,69,0.609,3.5,198.5,41.1,52.8,47.3
2009,CREW,44,0.636,4.2,197.7,40.3,52.3,47.8
2009,MAIN,69,0.623,3.3,203.2,44,51.7,48.3
2009,CREW,59,0.576,3,202.4,40.7,51.4,48.6
2009,MAIN,48,0.563,2.7,202.1,41.8,52,47.9
2009,CREW,15,0.733,4.3,199.7,41.9,50.6,49.5
2009,CREW,53,0.585,2.2,202.5,43.5,51.3,48.8
2009,MAIN,62,0.645,3.6,195.3,38.8,51.5,48.4
2009,MAIN,67,0.597,4.9,200.9,43.1,50.6,49.4
2009,CREW,52,0.538,2.8,204.4,43.2,50.8,49.2
2009,MAIN,1,0,-1,211,51,49,51
2009,MAIN,35,0.543,2.3,200.7,43.2,48.6,51.3
2009,CREW,32,0.656,4.7,201.6,43.8,51.5,48.4
2009,CREW,59,0.559,1,199.9,42.8,50.4,49.5
2009,CREW,62,0.694,5,201,42.8,48.8,51.2
2009,CREW,62,0.484,2.1,201.3,42.8,49.9,50.2
